{
  "ISTA": {
    "gaussian": {
      "sigmas": [
        10,
        25,
        50
      ],
      "avg_psnr": [
        19.2238305747501,
        17.27989180312052,
        14.078014854663024
      ],
      "avg_time": [
        0.010277827580769857,
        0.010766188303629557,
        0.010499874750773111
      ]
    },
    "salt_pepper": {
      "probs": [
        0.04,
        0.1,
        0.2
      ],
      "avg_psnr": [
        17.150301174166625,
        14.867920773946514,
        12.701898932944673
      ],
      "avg_time": [
        0.008387406667073568,
        0.009884993235270182,
        0.010373195012410482
      ]
    }
  },
  "BM3D": {
    "gaussian": {
      "sigmas": [
        10,
        25,
        50
      ],
      "avg_psnr": [
        12.082255256318263,
        8.006105203171137,
        6.960616243016162
      ],
      "avg_time": [
        2.5414074261983237,
        2.5251986980438232,
        2.5590507984161377
      ]
    },
    "salt_pepper": {
      "probs": [
        0.04,
        0.1,
        0.2
      ],
      "avg_psnr": [
        8.003346527868233,
        7.962483725181276,
        7.884605565518782
      ],
      "avg_time": [
        2.594974676767985,
        2.5754013856252036,
        2.572768529256185
      ]
    }
  }
}