{
  "ISTA": {
    "gaussian": {
      "count": 9,
      "avg_psnr": 16.859988090046286,
      "avg_ssim": 0.5042694825542741,
      "avg_time": 0.009517431259155273
    },
    "salt_pepper": {
      "count": 9,
      "avg_psnr": 14.889695648641151,
      "avg_ssim": 0.3711310525074862,
      "avg_time": 0.009722471237182617
    }
  },
  "BM3D_fixed": {
    "gaussian": {
      "count": 9,
      "avg_psnr": 27.906946815290844,
      "avg_ssim": 0.7834884578948671,
      "avg_time": 2.740961684121026
    },
    "salt_pepper": {
      "count": 9,
      "avg_psnr": 19.117137130212516,
      "avg_ssim": 0.4619387367109703,
      "avg_time": 2.537200371424357
    }
  }
}