{
  "step_size_analysis": {
    "step_sizes": [
      0.1,
      0.5,
      1.0,
      1.5,
      2.0
    ],
    "optimal_step_size": 0.5,
    "max_psnr": 20.595390719749204
  },
  "lambda_analysis": {
    "lambdas": [
      0.01,
      0.05,
      0.1,
      0.2,
      0.5
    ],
    "optimal_lambda": 0.01,
    "max_psnr": 20.595390719749204
  },
  "iteration_analysis": {
    "iterations": [
      10,
      20,
      30,
      40,
      50,
      75,
      100
    ],
    "optimal_iterations": 50,
    "psnr_values": [
      17.582929304919897,
      17.582929304919897,
      17.582929304919897,
      17.582929304919897,
      17.582929304919897,
      17.582929304919897,
      17.582929304919897
    ],
    "ssim_values": [
      0.926751045422554,
      0.926751045422554,
      0.926751045422554,
      0.926751045422554,
      0.926751045422554,
      0.926751045422554,
      0.926751045422554
    ]
  },
  "convergence_summary": {
    "final_psnr": 17.582929304919897,
    "final_ssim": 0.926751045422554,
    "total_iterations": 2,
    "final_residual": 0.0
  },
  "best_parameters": {
    "lambda": 0.01,
    "step_size": 0.5,
    "psnr": 20.595390719749204,
    "ssim": 0.9484600471172333,
    "iterations": 15,
    "final_residual": 5.380712049335235e-07
  }
}